query B
SELECT true AS true;
----
true

query B
SELECT bool 't' AS true;
----
true

query B
SELECT bool '   f           ' AS false;
----
false

query B
SELECT not bool 'f' AS true;
----
true

query B
SELECT bool 't' = bool 'f' AS false;
----
false

query B
SELECT bool 't' <> bool 'f' AS true;
----
true

query B
SELECT bool 't' > bool 'f' AS true;
----
true

query B
SELECT bool 't' >= bool 'f' AS true;
----
true

query B
SELECT bool 'f' < bool 't' AS true;
----
true

query B
SELECT bool 'f' <= bool 't' AS true;
----
true

query BB
SELECT 'TrUe'::text::boolean AS true, 'fAlse'::text::boolean AS false;
----
true false

query BB
SELECT '    true   '::text::boolean AS true,
       '     FALSE'::text::boolean AS false;
----
true false

statement ok
CREATE TABLE TB1(v1 bool);

query B
SELECT TB1.* FROM TB1;
----

