query I
SELECT * from generate_series(1, 3)
----
1
2
3

query I
SELECT * FROM generate_series(4,3);
----
